Unnamed: 0;LVL;Kanji;Lecture ON;Lecture KUN;Signification
0;Niveau;Kanji;Lecture ON;Lecture KUN;Signification
1;N5;一;イチ, イツ;ひと, ひと.つ;un
2;N5;七;シチ;なな, なな.つ, なの;sept
3;N5;万;マン, バン;よろず;dix-mille
4;N5;三;サン, ゾウ;み, み.つ, みっ.つ;trois
5;N5;上;"ジョウ, ショウ, シャ
ン";うえ,  あ.げる, のぼ.る;au-dessus, haut, monter, donner
6;N5;下;カ, ゲ;した,  さ.げる, くだ.る;"au-dessous, descendre, bas, donner,
inférieur"
7;N4;不;フ, ブ;-;préfixe de négation, non
8;N3;与;ヨ;"あた.える, あずか.る,
くみ.する, ともに";donner, décerner, offrir, conférer, don
9;N4;世;セイ, セ;よ, さんじゅう;monde, époque, génération
10;N3;両;リョウ;てる, ふたつ;deux, les deux, paire, compteur des wagons
11;N2;並;ヘイ;"な.み, なら.べる, なら.
ぶ";"alignée, rangée, mettre en rang, faire la
queue"
12;N5;中;チュウ;なか, うち, あた.る;"dans, dedans, à l'intérieur, milieu, centre,
moyenne"
13;N2;丸;ガン;まる.い;rond, circulaire
14;N4;主;シュ, ス;ぬし, おも;seigneur, maître, mari
15;N2;久;キュウ, ク;ひさ.しい;ancien, qui dure, depuis longtemps
16;N4;乗;ジョウ;の.る;monter (dans un véhicule), embarquer
17;N5;九;キュウ, ク;ここの, ここの.つ;neuf
18;N2;乱;ラン, ロン;"みだ.る, おさ.める, わ
た.る";"rébellion, émeute, mettre en désordre,
confusion"
19;N2;乳;ニュウ;ちち, ち;sein, lait maternel
20;N2;乾;カン, ケン;かわ.く, ほ.す, ひ.る;vider (un verre), sécher, sécheresse
21;N2;了;リョウ;-;achevé, fini
22;N3;予;ヨ;あらかじ.め;auparavant, au préalable
23;N3;争;ソウ;あらそ.う;se quereller, se disputer, se battre
24;N4;事;ジ;こと;fait, chose abstraite, affaire
25;N5;二;ニ, ジ;"ふた, ふた.つ, ふたた.
び";deux
26;N3;互;ゴ;たが.い, かたみ.に;mutuel, réciproque
27;N5;五;ゴ;いつ, いつ.つ;cinq
28;N3;亡;ボウ, モウ;な.い, ほろ.びる;décédé, mort, mourir
29;N3;交;コウ;まじ.る;intersection, se mélanger
30;N4;京;キョウ, ケイ, キン;みやこ;capitale, 10^16
32;N5;人;ジン, ニン;ひと;être humain, personne
33;N5;今;コン;いま;maintenant
34;N2;介;カイ;-;intermédiaire, intervention, coquillage
35;N2;仏;ブツ, フツ;ほとけ;Bouddha, France, français
36;N4;仕;シ;つか.える;servir, faire
37;N3;他;タ;ほか;autre
38;N3;付;フ;つ.ける;coller, attacher, fixer
39;N4;代;ダイ, タイ;かわ.り;génération, période, substitution, prix
40;N2;令;レイ;-;ordre, commandement, décret
41;N4;以;イ;もっ.て;par le moyen de, en vue de, comparé à
42;N2;仮;カ, ケ;かり;temporaire, provisoire, nom d'emprunt
43;N2;仲;チュウ;なか;rapport, relation, médiation
44;N3;件;ケン;くだん;affaire, cas, article
45;N3;任;ニン;まか.せる, まか.す;responsabilité, confier à
46;N5;休;キュウ;やす.む, やす.める;se reposer, repos
47;N5;会;カイ;あ.う;réunion, rencontre, parti
48;N3;伝;デン, テン;つた.わる, つた.える;"transmettre, communiquer, légende,
tradition"
49;N2;伸;シン;の.びる;élargir, étendre, étirer, allonger
50;N2;伺;シ;うかが.う;"demander, questionner, visiter (hon),
présenter ses respects"
51;N3;似;ジ;に.る;ressembler à, imiter
52;N3;位;イ;くらい, ぐらい;rang, position, à peu près
53;N4;低;テイ;ひく.い, ひく.める;bas, abaisser
54;N4;住;ヂュウ;す.む;résider, habiter
55;N4;体;タイ;からだ;corps
56;N5;何;カ;なに, なん;quoi, que
57;N3;余;ヨ;あま.る, あま.り;dépasser, surplus
58;N4;作;サク, サ;つく.る;fabriquer, produire, réaliser
59;N4;使;シ;つか.う;utiliser
60;N3;例;レイ;たと.える;exemple, précédent
61;N3;供;キョウ, ク, クウ;そな.える, とも;accompagner, offrir, suffixe du pluriel
62;N2;依;イ, エ;よ.る;dépendant, dû à
63;N2;価;カ, ケ;あたい;prix, valeur
64;N4;便;ベン, ビン;たよ.り;commodité, lettre, courrier
66;N3;係;ケイ;かか.る;service, en charge de, devoir
67;N2;保;ホ, ホウ;たも.つ;préserver, maintenir, garantir
68;N3;信;シン;-;croyance, confiance en soi, croire
69;N2;修;シュウ, シュ;おさ.める;bien se conduire, discipline, maîtrise
70;N2;個;コ, カ;-;individuel, privé, compteur d'articles ou d'unités militaires
71;N2;倍;バイ;-;double, deux fois
72;N3;倒;トウ;たお.れる, たお.す;se renverser, s'écrouler, s'effondrer
73;N3;候;コウ;そうろう;temps (météorologique), climat
74;N4;借;シャク;か.りる;emprunter, louer
75;N3;値;チ;ね, あたい;prix, coût, valeur
76;N3;偉;イ;えら.い;remarquable, grandiose, célèbre
77;N2;停;テイ;と.める, と.まる;arrêt, s'arrêter
78;N2;健;ケン;すこ.やか;pleine forme, bien portant, sain
79;N3;側;ソク;かわ, そば;côté, flanc
80;N3;偶;グウ;たま;par hasard, nombre pair, couple
81;N3;備;ビ;そな.える;préparation, être équipé de, approvisionné
82;N2;傾;ケイ;"かたむ.く, かたぶ.く,
かた.げる";pencher, incliner, basculer, sombrer
83;N4;働;"ドウ, リュク, リキ,
ロク";はたら.く;travailler
84;N2;像;ゾウ;-;portrait, figure, représentation
85;N2;億;オク;-;cent million, 10^8
86;N3;優;ユウ, ウ;"やさ.しい, すぐ.れる,
まさ.る";gentillesse, tendresse, surpasser, acteur
87;N4;元;ゲン, ガン;もと;origine, commencement
88;N4;兄;ケイ, キョウ;あに;frère ainé, grand-frère
89;N2;兆;チョウ;きざ.す, きざ.し;signe, présage, donner signe, 10^12
90;N5;先;セン;さき, ま.ず;avant, devant, précédent
91;N4;光;コウ;ひか.る, ひかり;lumière, éclat, étinceler, briller
92;N2;児;ジ, ニ;こ;nouveau-né, enfant
93;N2;党;トウ;なかま, むら;parti politique, faction
94;N5;入;ニュウ, ジュ;い.る, い.れる, はい.る;entrer, insérer
95;N3;全;ゼン;すべ.て;totalité, tout, en entier
96;N5;八;ハチ;や, や.つ, やっ.つ, よう;huit
97;N2;公;コウ, ク;おおやけ;public, officiel
99;N5;六;ロク, リク;む;six
100;N3;共;キョウ;とも;marque du pluriel, ensemble, les deux
101;N2;兵;ヘイ, ヒョウ;つわもの;soldat, guerrier, troupes
102;N3;具;グ;そな.える, つぶさ.に;ustensile, outil, meuble
103;N3;内;ナイ, ダイ;うち;intérieur, dedans, maison
104;N5;円;エン;まる.い;cercle, yen, rond
105;N2;冊;サツ, サク;ふみ;tome, volume, compteur pour les livres
106;N2;再;サイ, サ;ふたた.び;pour la seconde fois, de nouveau
107;N4;写;シャ;うつ.す;copier, reproduire
108;N4;冬;トウ;ふゆ;hiver
109;N3;冷;レイ;つめ.たい, ひ.える;glacé, froid (au contact), refroidir
110;N2;凍;トウ;"こお.る, こご.える, い.
てる, し.みる";geler, congeler
111;N3;処;ショ;ところ;vierge, sentence, lieu
112;N5;出;シュツ, スイ;で.る, だ.す, い.でる;sortir, quitter, présence
113;N5;分;ブン, フン;わ.ける,  わ.かる;comprendre, minute, degré, taux
114;N4;切;セツ, サイ;き.る;couper, trancher
115;N2;刊;カン;-;publication, édition, publier
116;N3;列;レツ;-;rang, file, queue
117;N3;初;ショ;はじ.め, はじ.めて;première fois, commencement, début
118;N3;判;ハン, バン;わか.る;décision, jugement, sceau, tampon
119;N4;別;ベツ;わか.れる, わ.ける;se séparer, séparer, pas en particulier
120;N3;利;リ;き.く;bénéfice, profit, avantage
121;N3;到;トウ;いた.る;"arriver à (une décision), atteindre (une
étape), aboutir à"
122;N3;制;セイ;-;système, régime, organisation
123;N2;刷;サツ;す.る;impression, imprimer
124;N2;券;ケン;-;coupon, ticket
125;N2;刺;シ;さ.す, さし, とげ;percer, piquer, enfoncer, carte de visite
126;N3;刻;コク;きざ.む;découper, hacher, graver
127;N2;則;ソク;のっと.る;règlement, norme, loi
128;N5;前;ゼン;まえ;avant, devant
129;N2;副;フク;-;vice-, accompagnement
130;N3;割;カツ;わ.る, わ.れる;"diviser, séparer, se fendre, pourcentage,
proportion"
132;N2;劇;ゲキ;-;pièce de théâtre, théâtre
133;N4;力;リョク, リキ, リイ;ちから;force, puissance
134;N3;加;カ;くわ.える;ajouter, accroître, augmentation
135;N3;助;ジョ;たす.ける, すけ;secourir, aider, être aidé
136;N3;努;ド;つと.める;s'efforcer de, faire des efforts, s'appliquer
137;N3;労;ロウ;"いたわ.る, つか.れる,
ねぎら.う";labeur, effort, souci
138;N2;効;コウ;き.く;être efficace, efficace, mérite
139;N2;勇;ユウ;いさ.む;avoir du courage, bravoure, verve
140;N4;勉;ベン;つと.める;exercice, travail
141;N4;動;ドウ;うご.く;bouger, se déplacer, mouvement
142;N3;務;ム;つと.める;travailler, tâche, travail
143;N3;勝;ショウ;か.つ;gagner, surpasser, victoire
144;N2;募;ボ;つの.る;"empirer, recruter, devenir violent,
contribution (monétaire)"
145;N2;勢;セイ, ゼイ;いきお.い, はずみ;énergie, vigueur, puissance
146;N3;勤;キン, ゴン;つと.める;travailler, application, effort
147;N2;包;ホウ;つつ.む;envelopper, emballer, recouvrir
148;N3;化;カ, ケ;ば.ける;transformer, influence
149;N5;北;ホク;きた;Nord
150;N2;匹;ヒツ;ひき;"rouleau de tissu, compteur pour les petits
animaux, égal"
151;N4;区;ク;-;arrondissement, district
152;N4;医;イ;い.やす;médecin, médecine
153;N5;十;ジュウ;とお, と;dix
154;N5;千;セン;ち;mille
155;N5;午;ゴ;うま;midi
156;N5;半;ハン;なか.ば;moitié, milieu, demi
157;N2;卒;ソツ;お.える, お.わる;fin des études, soldat, serviteur
158;N2;協;キョウ;-;coopération
159;N5;南;ナン;みなみ;Sud
160;N3;単;タン;ひとえ;simple, unique, seulement
161;N2;占;セン;うらな.う, し.める;"divination, bonne aventure, tenir, posséder,
prendre"
162;N2;印;イン;しるし;marque, sceau, symbole
163;N3;危;キ;あぶ.ない;dangereux, risqué, crainte
165;N2;卵;ラン;たまご;œuf
166;N2;厚;コウ;あつ.い;épais, lourd, cordial
167;N3;原;ゲン;はら;prairie, pré, original, primitif
168;N4;去;キョ, コ;さ.る;passé, quitter
169;N3;参;サン;まい.る;aller, venir
170;N5;友;ユウ;とも;ami
171;N2;双;ソウ;ふた, ふたつ;"paire, deux parties, compteurs pour les
paires"
172;N3;反;ハン;そ.る, そ.らす;anti, opposé, courber, se courber
173;N3;収;シュウ;おさ.める;obtenir, récolter, réserve
174;N3;取;シュ;と.る;prendre, saisir
175;N3;受;ジュ;う.ける;"recevoir, passer (un examen), répondre (au
téléphone)"
176;N5;口;コウ, ク;くち;bouche
177;N5;古;コ;ふる.い;vieux, ancien
178;N2;叫;キョウ;さけ.ぶ;crier, hurler
179;N2;召;ショウ;め.す;"appeler, faire venir à soi, porter (des
vêtements), attraper (un rhume), prendre (un bain), manger, boire"
180;N2;可;カ, コク;べ.き, べ.し;possible, réalisable, acceptable
181;N4;台;ダイ, タイ;うてな, われ;support, socle
182;N2;史;シ;-;histoire, chronique
183;N5;右;ウ, ユウ;みぎ;droite
184;N3;号;ゴウ;さけ.ぶ, よびな;numéro, titre
185;N2;司;シ;つかさど.る;administrer, gouverner, directeur
186;N2;各;カク;おのおの;chaque, chacun
187;N4;合;ゴウ, ガ;あ.う;correspondre, convenir
188;N4;同;ドウ;おな.じ;identique, égal, similaire
189;N5;名;メイ, ミョウ;な;nom, célèbre, fameux
190;N3;向;コウ;む.こう, む.く;se diriger vers, de l'autre côté
191;N3;君;クン;きみ;toi, tu, suffixe de nom (-kun)
192;N3;否;ヒ;いな, いや;négation, nier, refuser
193;N2;含;ガン;ふく.む;inclure, garder à l'esprit, retenir
194;N3;吸;キュウ;す.う;aspirer, inhaler, absorber
195;N3;吹;スイ;ふ.く;souffler, respirer
196;N3;告;コク;つ.げる;informer, annoncer, révélation
198;N2;周;シュウ;まわ.り;tour, alentours, rotation
199;N4;味;ミ;あじ, あじ.わう;saveur, goût, apprécier la saveur de
200;N3;呼;コ;よ.ぶ;appeler, inviter
201;N3;命;メイ;いのち;ordre, commandement, destin, vie
202;N3;和;ワ;やわ.らぐ, なご.やか;harmonie, paix, serein adoucir
203;N2;咲;ショウ;さ.く;éclore, fleurir, floraison
204;N4;品;ヒン;しな;marchandise, article, compteur de plats
205;N4;員;イン;-;employé, membre
206;N3;商;ショウ;あきな.う;commerce, vente
207;N4;問;モン;と.う;question, demander, interroger
208;N2;善;ゼン;よ.い, い.い, よ.く;bien, bonté, vertu
209;N3;喜;キ;よろこ.ぶ;se réjouir, être content
210;N2;喫;キツ;-;consommer, manger, boire, fumer
211;N2;営;エイ;いとな.む;diriger (un spectacle, une entreprise), travail
212;N2;器;キ;うつわ;ustensile, instrument, appareil
213;N5;四;シ;よ, よん;quatre
214;N4;回;カイ;まわ.る;tourner, tour
215;N3;因;イン;よ.る;cause, facteur, dépendre de
216;N2;団;ダン, トン;かたまり, まる.い;groupe, association
217;N3;困;コン;こま.る;être embarrassé, gêné
218;N2;囲;イ;かこ.む;entourer, assiéger, encercler
219;N4;図;ズ, ト;はか.る;carte, dessin, plan
220;N2;固;コ;かた.い,  かた.める;dur, ferme, solide, durcir
221;N5;国;コク;くに;pays
222;N3;園;エン;その;parc, jardin
223;N5;土;ド, ト;つち;sol, terre, terrain
224;N2;圧;アツ, エン, オウ;"お.す, へ.す, おさ.える,
お.さえる";pression, domination, submerger, dominer
225;N3;在;ザイ;あ.る;exister, être
226;N4;地;チ, ジ;どま;sol, terre, terrain
227;N2;坂;ハン;さか;pente, colline
228;N2;均;キン;なら.す;égalisé, aplani, nivelé
229;N2;坊;ボウ;-;enfant, garçon, prêtre bouddhiste, bonze
230;N2;型;ケイ;かた;modèle, type
232;N2;埋;マイ;"う.める, うず.める, い.
ける";enterrer, ensevelir, enfouir, remplir
233;N2;城;ジョウ;しろ;château, forteresse
234;N2;域;イキ;-;zone, région, limite
235;N2;基;キ;もと, もとい;base, fondement, fondations
236;N4;堂;ドウ;-;temple, sanctuaire, salle
237;N3;報;ホウ;むく.いる;rapport, information, faire savoir
238;N4;場;ジョウ, チョウ;ば;lieu, place, aire
239;N2;塔;トウ;-;pagode, tour
240;N2;塗;ト;ぬ.る, まみ.れる;peindre, enduire, vernir
241;N2;塩;エン;しお;sel
242;N2;境;キョウ, ケイ;さかい;frontière, région, environnement
243;N3;増;ゾウ;ふ.える, ま.す;augmenter, croître, accroissement
244;N2;壁;ヘキ;かべ;mur, paroi, barrière
245;N4;声;セイ, ショウ;こえ;voix
246;N4;売;バイ;う.る;vendre
247;N3;変;ヘン;か.わる;étrange, bizarre, changer
248;N4;夏;カ;なつ;été
249;N4;夕;セキ;ゆう;soir, soirée
250;N5;外;ガイ;そと, はず.れ;extérieur, dehors
251;N5;多;タ;おお.い;nombreux, beaucoup
252;N4;夜;ヤ;よる;soir, soirée
253;N3;夢;ム, ボウ;ゆめ, ゆめ.みる;rêve, illusion
254;N5;大;ダイ, タイ;おお.きい;grand
255;N5;天;テン;あまつ, あめ;cieux, ciel, impérial
256;N4;太;タイ;ふと.い, ふと.る;gros, grossir
257;N3;夫;フ;おっと;mari, époux, homme
258;N2;央;オウ;-;centre, milieu
259;N3;失;シツ;うしな.う;erreur, faute, perdre (un objet)
260;N2;奥;オウ;おく, おく.まる, くま;intérieur, cœur, épouse
261;N5;女;ジョ, ニョ, ニョウ;おんな, め;femme, féminin
262;N4;好;コウ;この.む, す.く, よ.い,;bien aimé, apprécié, agréable
263;;;;い.い;
264;N4;妹;マイ;いもうと;sœur cadette, petite-sœur
266;N3;妻;サイ;つま;épouse, femme
267;N4;姉;シ;あね;sœur ainée, grande-sœur
268;N4;始;シ;はじ.める;commencer, débuter
269;N2;姓;セイ, ショウ;-;nom de famille
270;N2;委;イ;ゆだ.ねる;comité, confier, déléguer
271;N3;娘;ジョウ;むすめ, こ;fille
272;N3;婚;コン;-;mariage
273;N3;婦;フ;よめ;femme mariée, épouse
274;N5;子;シ, ス, ツ;こ;enfant
275;N4;字;ジ;あざ, あざな,  な;caractère, lettre, mot, hameau
276;N3;存;ソン, ゾン;-;être conscient de, croire
277;N2;季;キ;-;saison
278;N5;学;ガク;まな.ぶ;étudier, apprendre, science
279;N2;孫;ソン;まご;descendance, petits-enfants
280;N3;宅;タク;-;maison, résidence
281;N2;宇;ウ;-;firmament, cieux
282;N3;守;シュ, ス;まも.る, まも.り;protéger, défendre, gardien
283;N5;安;アン;やす.い;bon marché, peu cher, sûr, tranquille
284;N3;完;カン;-;parfait, totalité, achèvement
285;N3;官;カン;-;gouvernement, fonctionnaire
286;N2;宙;チュウ;-;espace, air
287;N3;定;テイ, ジョウ;さだ.める;établir, fixer, décider
288;N2;宝;ホウ;たから;trésor, objet précieux
289;N3;実;ジツ, シツ;み, みの.る, まこと;réalité, réel, véritable, porter ses fruits
290;N3;客;キャク, カク;-;client, hôte
291;N4;室;シツ;むろ;pièce, appartement, chambre
292;N3;害;ガイ;-;mal, blessure
293;N4;家;カ;いえ, や, うち;maison
294;N3;容;ヨウ;い.れる;forme (état de santé), apparence, contenir
295;N3;宿;シュク;やど, やど.る;logement, auberge, se loger
296;N3;寄;キ;よ.る;rendre visite, approcher, collecter, envoyer
297;N3;富;フ, フウ;と.む, とみ;richesse, opulence, devenir riche
298;N4;寒;カン;さむ.い;froid (météorologique)
300;N3;寝;シン;ね.る;dormir, se reposer
301;N3;察;サツ;-;supposer, présumer, deviner, juger
302;N2;寺;ジ;てら;temple bouddhiste
303;N3;対;タイ;"あいて, そろ.い, つれ
あ.い";opposé, anti, opposition
304;N2;封;フウ, ホウ;-;sceller, fermer, sceau
305;N2;専;セン;もっぱ.ら;spécialité, exclusivement
306;N2;将;ショウ;まさ.に;commandant, général, l'un après l'autre
307;N2;尊;ソン;たっと.い;respecter, précieux, noble
308;N2;導;ドウ;みちび.く;mener, guider, conduire
309;N5;小;ショウ;ちい.さい, こ;petit
310;N5;尐;ショウ;すく.ない, すこ.し;un peu, peu de
311;N3;局;キョク;つぼね;bureau, département
312;N3;居;キョ, コ;い.る, お.る;se trouver, être, exister
313;N2;届;カイ;とど.ける;remettre, livrer, notification
314;N4;屋;オク;や;maison, boutique, toît
315;N2;展;テン;-;développement, déploiement, exposition
316;N2;層;ソウ;-;strate, niveau, couche
317;N5;山;サン, セン;やま;montagne
318;N2;岩;ガン;いわ;rocher, roc, falaise
319;N2;岸;ガン;きし;rivage, rive
320;N2;島;トウ;しま;île
321;N5;川;セン;かわ;rivière, fleuve
322;N2;州;シュウ;す;province, état
323;N4;工;コウ;もく;industrie, construction, fabrication
324;N5;左;サ, シャ;ひだり;gauche
325;N2;巨;キョ;-;gigantesque, énorme, gros
326;N3;差;サ;さ.す, さ.し;différence, reste, désigner
327;N2;巻;カン, ケン;ま.く, まき;enrouler, rouleau, tome
328;N4;市;シ;いち;marché, ville
329;N2;布;フ;ぬの;linge, tissu
330;N2;希;キ;まれ;espoir, souhait, désir
331;N3;師;シ, ス;もろもろ, なら.う;expert, professeur, maître
332;N3;席;セキ;むしろ;siège
334;N2;帯;タイ;お.びる, おび;ceinture, zone
335;N4;帰;キ;かえ.る;retourner (chez soi), aboutir à
336;N3;常;ジョウ;つね;habituel, normal, ordinaire
337;N2;帽;ボウ;-;casquette, chapeau, couvre-chef
338;N2;幅;フク;はば;"largeur, kakemono, rouleau suspendu au
mur"
339;N2;干;カン;ほ.す, ひ.る;sécher, sec
340;N3;平;ヘイ,  ヒョウ;ひら;paix, calme, plat
341;N5;年;ネン;とし;année, compteur pour les années
342;N3;幸;コウ;しあわ.せ;bonheur, fortune, chance
343;N2;幼;ヨウ;おさな.い;enfance, enfantin, puéril
344;N3;幾;キ;いく;combien, quelques
345;N2;庁;チョウ, テイ;やくしょ;bureau gouvernemental
346;N4;広;コウ;ひろ.い;large, vaste
347;N2;床;ショウ;とこ, ゆか;plancher, lit, tatami, compteur pour les lits
348;N2;底;テイ;そこ;fond, profondeur
349;N5;店;テン;みせ;magasin, échoppe
350;N2;府;フ;-;préfecture, bureau gouvernemental
351;N4;度;ト;たび;fois, occurrence, degré (°C/F)
352;N3;座;ザ;すわ.る;s'asseoir, siège, rassemblement
353;N2;庫;コ, ク;くら;entrepôt, stock
354;N3;庭;テイ;にわ;jardin
355;N2;康;コウ;-;tranquille, paisible, calme
356;N2;延;エン;の.びる, の.ばす;allonger, prolonger, être prolongé
357;N4;建;ケン, コン;た.てる;construire, construction
358;N3;式;シキ;-;méthode, style, cérémonie
359;N4;引;イン;ひ.く, ひ.ける;"cesser, diminuer, jouer (musique), prendre
froid"
360;N4;弟;テイ, ダイ;おとうと;frère cadet, apprenti, disciple
361;N4;弱;ジャク;よわ.い;faible
362;N2;張;チョウ;は.る;allonger, étirer, fixer, coller, tendre
363;N4;強;キョウ;つよ.い;fort
364;N3;当;トウ;あ.たる;viser, toucher, approprié
365;N3;形;ケイ, ギョウ;かたち;forme, type, apparence
366;N3;役;ヤク, エキ;-;service, corvée, poste
368;N3;彼;ヒ;かれ, かの;il, celui-là
369;N4;待;タイ;ま.つ;attendre
370;N2;律;リツ;-;loi, régulation, rythme
371;N5;後;ゴ, コウ;"のち, うし.ろ, あと, お
く.れる";après, derrière
372;N3;徒;ト;いたずら, あだ;élève, compagnon, vain, futile
373;N3;得;トク;え.る, う.る;acquérir, obtenir, avantage, bénéfice
374;N3;御;ギョ, ゴ;おん, み;honorable, manipuler, contrôler, administrer
375;N2;復;フク;また;retourner, reprendre, restaurer
376;N4;心;シン;こころ;cœur, esprit
377;N3;必;ヒツ;かなら.ず;nécessaire, inévitable
378;N2;志;シ;"こころざ.す, こころざ
し";volonté, intention, avoir l'intention de
379;N3;忘;ボウ;わす.れる;oublier
380;N3;忙;ボウ;"いそが.しい, せわ.しい,
おそ.れる";être occupé, débordé
381;N2;忚;オウ;こた.える;répondre, postuler, accepter
382;N2;快;カイ;こころよ.い;agréable, plaisant, confortable
383;N3;念;ネン;-;pensée, idée, souhait
384;N3;怒;ド;いか.る, おこ.る;se mettre en colère, emportement, fureur
385;N3;怖;フ;"こわ.い, お.じる, おそ.
れる";avoir peur, redouter, craindre, effrayant
386;N4;思;シ;おも.う;penser
387;N4;急;キュウ;いそ.ぐ;se dépêcher, urgent, soudain
388;N3;性;セイ;さが;genre, nature, sexe
389;N2;恋;レン;こ.う, こい;amour, être amoureux
390;N3;恐;キョウ;おそ.れる, こわ.い;peur, crainte, inquiétude
391;N3;恥;チ;は.ずかしい;honte, gêne, déshonneur
392;N3;息;ソク;いき;souffle, respiration
393;N2;恵;ケイ, エ;めぐ.む;service, faveur, bienfait, grâce
394;N2;患;カン;わずら.う;souffrir de, maladie, souffrance
395;N2;悩;ノウ;なや.む;ennui, souci, peine, tourment
396;N4;悪;アク;わる.い;mauvais, vice, mal
397;N3;悲;ヒ;かな.しい, かな.しむ;mélancolie, peine, se lamenter
398;N3;情;ジョウ, セイ;なさ.け;"tendresse, compassion, émotion,
circonstances"
400;N3;想;ソウ;おも.う;pensée, idée, conception
401;N4;意;イ;-;volontée, idée
402;N3;愛;アイ;いと.しい;amour, affection
403;N3;感;カン;-;émotion, sentiment
404;N3;慣;カン;な.れる;s'habituer à, coutume
405;N2;憎;ゾウ;にく.む;détester, haïr, haine
406;N3;成;セイ;な.る;se changer en, devenir, croissance
407;N3;戦;セン;たたか.う;guerre, combat, combattre
408;N2;戸;コ;と;porte
409;N3;戻;レイ;もど.る;revenir, rendre, restituer
410;N4;所;ショ;ところ;endroit, lieu, place
411;N5;手;シュ;て;main
412;N3;才;サイ;-;talent, génie, don
413;N3;打;ダ;う.つ;frapper, taper, battre
414;N3;払;フツ;はら.う;payer, nettoyer
415;N2;批;ヒ;-;critique, analyse, commentaire
416;N2;承;ショウ, ジョウ;うけたまわ.る;entendre, recevoir, être informé
417;N2;技;ギ;わざ;technique, habileté, prouesse
418;N3;投;トウ;な.げる;jeter, lancer, investir
419;N3;折;セツ;お.る;plier, courber, casser, rompre
420;N3;抜;バツ;ぬ.く;extraire, enlever, laisser de côté, omettre
421;N3;抱;ホウ;"だ.く, いだ.く, かか.え
る";étreindre, serrer dans ses bras
422;N3;押;オウ;お.す, おさ.える;appuyer, pousser, arrêter, maintenir, retenir
423;N2;担;タン;かつ.ぐ, にな.う;porter sur le dos, se charger de, responsable
424;N3;招;ショウ;まね.く;inviter
425;N2;拝;ハイ;おが.む, おろが.む;vénérer, prier, adorer
426;N2;拡;カク, コウ;ひろ.がる;élargir, étendre, agrandir
427;N2;拾;シュウ;ひろ.う;ramasser, recueillir, cueillir
428;N4;持;ジ;も.つ;tenir, avoir
429;N3;指;シ;ゆび, さ.す;doigt, désigner, indiquer
430;N2;挟;キョウ, ショウ;"はさ.む, わきばさ.む,
さしはさ.む";"pincement, pincer, être coincé, être pris
entre deux"
431;N3;捕;ホ;"つか.まる, と.らえる,
とら.える";attraper, capturer
433;N2;捜;ソウ, シュ, シュウ;さが.す;chercher, rechercher
434;N2;捨;シャ;す.てる;jeter, abandonner, démissionner
435;N2;掃;ソウ, シュ;は.く;nettoyer, balayer
436;N2;授;ジュ;さず.ける;conférer, accorder
437;N2;掘;クツ;ほ.る;creuser, fouiller
438;N3;掛;カイ, ケイ;か.ける, か.かる;"accrocher, suspendre, dépendre, arriver à,
taxe"
439;N2;採;サイ;と.る;prendre, récolter, cueillir
440;N3;探;タン;さが.す,  さぐ.る;chercher, enquête
441;N2;接;セツ, ショウ;つ.ぐ;toucher, contact, joindre
442;N2;換;カン;か.える;échanger, remplacer
443;N2;損;ソン;そこ.なう;blesser, cause du dommage, nuire
444;N2;操;ソウ, サン;みさお, あやつ.る;manipuler, mener, diriger, fidélité, chasteté
445;N3;支;シ;ささ.える;soutenir, soutien, support, succursale
446;N2;改;カイ;あらた.める;modifier, améliorer, réformer
447;N3;放;ホウ;はな.す, はな.つ;libérer, relâcher, émettre
448;N3;政;セイ, ショウ;まつりごと, まん;politique, gouvernement, administration
449;N2;故;コ;ゆえ, ふる.い, もと;défunt, circonstances, cause
450;N2;救;キュウ;すく.う;secourir, sauver, aider
451;N3;敗;ハイ;やぶ.れる;défaire, échec, échouer
452;N4;教;キョウ;おし.える;enseigner, religion, foi
453;N3;散;サン;ち.らかる, ち.らかす;éparpiller, mettre en désordre, s'éparpiller
454;N2;敬;ケイ, キョウ;うやま.う;respecter, vénérer, honorer
455;N3;数;スウ;かず, かぞ.える;chiffre, compter
456;N2;整;セイ;ととの.える;mettre en ordre, arranger
457;N4;文;ブン, モン;ふみ, あや;lettre, écriture, littérature, phrase
458;N4;料;リョウ;-;matériau, prix, frais
459;N3;断;ダン;ことわ.る;"refuser, décliner une offre, décision,
jugement"
460;N5;新;シン;あたら.しい;nouveau, frais
461;N4;方;ホウ;かた;personne, direction, manière de
462;N4;旅;リョ;たび;voyage
463;N4;族;ゾク;つぎ;famille, clan, bande
464;N5;日;ニチ, ジツ;ひ, か;jour, soleil, Japon, compteur pour les jours
465;N2;旧;キュウ;ふる.い, もと;ancien, d'autrefois
467;N4;早;ソウ;はや.い;rapide, tôt
468;N2;昇;ショウ;のぼ.る;s'élever, grimper, monter
469;N4;明;メイ;あか.るい;clair, brillant
470;N3;易;エキ, イ;やさ.しい;simple, divination, commerce
471;N3;昔;セキ;むかし;autrefois, il était une fois
472;N2;星;セイ;ほし;étoile
473;N4;映;エイ;うつ.す, は.える;projection, se refléter, réflexion
474;N4;春;シュン;はる;printemps
475;N3;昨;サク;-;hier, précédent
476;N4;昼;チュウ;ひる;journée, midi
477;N5;時;ジ;とき;temps, heure
478;N3;晩;バン;-;soir, crépuscule
479;N2;普;フ;あまね.く;universel, large, général, Prusse
480;N3;景;ケイ;-;paysage, vue, scène
481;N3;晴;セイ;は.れる;s'éclaircir (temps)
482;N4;暑;ショ;あつ.い;chaud (météorologique)
483;N2;暖;ダン, ノン;"あたた.かい, あたた.め
る";chaleur, chauffer
484;N4;暗;アン;くれ.る;obscurité, s'assombrir
485;N3;暮;ボ;く.れる;fin, se terminer, s'achever
486;N2;暴;ボウ, バク;あば.く, あば.れる;agir violemment, cruauté, violence, dévoiler
487;N2;曇;ドン;くも.る;temps couvert, nuageux, se couvrir (temps)
488;N4;曜;ヨウ;-;jour de la semaine
489;N3;曲;キョク;ま.がる;morceau de musique, courber
490;N3;更;コウ;さら, ふ.かす;veiller tard la nuit, bien sûr
491;N5;書;ショ;か.く;écrire
492;N2;替;タイ;か.わる;remplacer, substituer, échanger
493;N3;最;サイ;もっと.も;le plus, préfixe pour les superlatifs
494;N5;月;ゲツ, ガツ;つき;lune, mois
495;N4;有;ユウ, ウ;あ.る;posséder, avoir
496;N4;服;フク;-;vêtement, avaler (un médicament)
497;N3;望;ボウ, モウ;のぞ.む;espérer, aspirer à, désir, espoir
498;N4;朝;チョウ;あさ;matin
499;N3;期;キ, ゴ;-;période, terme, temps
501;N5;木;モク;き;arbre, bois
502;N3;未;ミ, ビ;ま.だ;pas encore
503;N3;末;マツ;すえ;fin, extrémité, bout
504;N5;本;ホン;もと;"livre, essentiel, réalité, compteur pour les
objets allongés"
505;N2;札;サツ;ふだ;étiquette, carte, compteur de billets
506;N2;机;キ;つくえ;table, bureau
507;N2;材;ザイ;-;matériau, ingrédient, talent
508;N4;村;ソン;むら;village
509;N3;束;ソク;たば;faisceau, liasse, rame (de papier), bouquet
510;N2;条;ジョウ;えだ, すじ;article, clause, bande
511;N5;来;ライ;く.る;venir, suivant
512;N3;杯;ハイ;さかずき;"coupe pour le saké, verre, toast, compteur
pour les verres"
513;N5;東;トウ;ひがし;Est
514;N2;板;ハン;いた;planche, panneau, plaque
515;N4;林;リン;はやし;bois, bosquet
516;N2;枚;マイ, バイ;-;feuille de, compteur d'objets plats
517;N3;果;カ;は.て;fruit, résultat, achever
518;N2;枝;シ;えだ;branche, rameau, brindille
519;N2;枯;コ;か.れる;flétrir, s'épuiser, dépérir
520;N2;柔;ジュウ, ニュウ;やわ.らか;tendresse, douceur, souplesse
521;N2;柱;チュウ;はしら;colonne, pilier
522;N2;査;サ;-;investigation
523;N2;栄;エイ;は.え, は.える;florissant, prospère, prospérer
524;N5;校;コウ;めん;école
525;N2;根;コン;ね;persévérance, racine, origine
526;N3;格;カク, コウ;-;rang, statut, clause
527;N2;案;アン;つくえ;proposition suggestion, plan, réflexion
528;N2;械;カイ;かせ;machine
529;N2;棒;ボウ;-;bâton, barre, baguette
530;N4;森;シン;もり;forêt, bois
531;N2;植;ショク;う.える;planter
532;N2;検;ケン;しら.べる;investigation, inspection, examen
533;N4;業;ギョウ, ゴウ;わざ;activité, profession
535;N2;極;キョク, ゴク;きわ.める;"pôles (Nord et Sud), arriver jusqu'au bout,
hautement"
536;N4;楽;ガク, ラク, ゴウ;たの.しい, たの.しむ;musique, agréable, confortable
537;N3;構;コウ;かま.う;s'inquiéter de, préoccupé, construction
538;N3;様;ヨウ;さま;apparence, manière, suffixe de nom (-sama)
539;N2;標;ヒョウ;しるべ, しるし;empreinte, marque, tampon
540;N3;権;ケン, ゴン;おもり, かり, はか.る;pouvoir, autorité
541;N3;横;オウ;よこ;à côté de, latéral
542;N2;橋;キョウ;はし;pont
543;N3;機;キ;はた;machine, opportunité
544;N3;欠;ケツ, ケン;か.く;manquer de, lacune
545;N3;次;ジ;つぎ;suivant, successif, ordre
546;N2;欧;オウ;うた.う, は.く;Europe
547;N3;欲;ヨク;ほ.しい;désir, convoitise, désirer, vouloir
548;N4;歌;カ;うた, うた.う;chant, chanter
549;N4;止;シ;と.まる, と.める, や.む;stopper, arrêter, s'arrêter
550;N4;正;セイ, ショウ;ただ.しい;juste, correct, exact, 10^40
551;N2;武;ブ, ム;たけ.し;chevalerie, guerre, militaire
552;N4;歩;ホ, ブ;ある.く;marcher
553;N3;歯;シ;は;dent
554;N3;歳;サイ, セイ;とし, とせ, よわい;âge, compteur d'années
555;N2;歴;レキ, レッキ;-;le temps qui passe, curriculum
556;N2;死;シ;し.ぬ;mourir, mort
557;N3;残;ザン, サン;のこ.る;rester, solde (sur un compte bancaire)
558;N3;段;ダン, タン;-;étape, rang, marche
559;N3;殺;サツ;ころ.す;tuer, massacrer
560;N2;殿;デン;との, どの;"manoir, demeure, palais, temple,
Monseigneur"
561;N5;母;ボ;はは;mère, maman
562;N5;毎;マイ;ごと;chaque, tous les
563;N2;毒;ドク;-;poison
564;N2;比;ヒ;くら.べる;comparer, proportion
565;N2;毛;モウ;け;poil, cheveux, plumage
566;N4;民;ミン;たみ;peuple, citoyen
567;N5;気;キ;いき;esprit, atmosphère, humeur
569;N5;水;スイ;みず;eau
570;N2;氷;ヒョウ;こおり, こお.る;glace, glacer
571;N2;永;エイ;なが.い;éternité, long en temps
572;N3;求;キュウ;もと.める;demander, vouloir, désirer
573;N2;汗;カン;あせ;sueur, transpiration
574;N2;汚;オ;"けが.れる, よご.れる,
きたな.い";sale, se salir, polluer, souiller
575;N4;池;チ;いけ;étang, mare, réservoir
576;N3;決;ケツ;き.める;décider, fixer
577;N2;沈;チン;しず.む;couler, être submergé, être déprimé, aloès
578;N2;河;カ;かわ;rivière, fleuve
579;N2;沸;フツ;わ.く;bouillir, porter à ébullition, chauffer
580;N2;油;ユウ;あぶら;huile
581;N3;治;ジ, チ;おさ.める;gouverner, diriger, soigner, maîtriser
582;N2;況;キョウ;まし.て, いわ.んや;condition, situation
583;N2;泉;セン;いずみ;source, fontaine
584;N2;泊;ハク;と.まる;passer la nuit, loger, séjour, ancrage
585;N3;法;ホウ;のり;loi, méthode, principe
586;N2;波;ハ;なみ;vague, onde
587;N2;泣;キュウ;な.く;pleurer, sangloter
588;N2;泤;デイ;どろ;boue, bourbe, voleur
589;N4;注;チュウ;そそ.ぐ;verser, note, commentaire
590;N3;泳;エイ;およ.ぐ;nager
591;N4;洋;ヨウ;-;océan, style occidental
592;N4;洗;セン;あら.う;laver, se laver
593;N3;活;カツ;い.きる, い.かす;vie, vitalité, vigueur, activité
594;N3;流;リュウ;なが.れる;s'écouler, courant, style
595;N2;浅;セン;あさ.い;peu profond, superficiel
596;N3;浮;フ;う.く, う.かれる;flotter, faire surface, se réjouir, s'amuser
597;N2;浴;ヨク;あ.びる;se baigner, se dorer (au soleil)
598;N4;海;カイ;うみ;mer, océan
599;N3;消;ショウ;き.える, け.す;éteindre, effacer
600;N2;涙;ルイ;なみだ;larme, émotion
601;N2;液;エキ;-;liquide, fluide, sécrétion
603;N3;深;シン;ふか.い;profond, intense, approfondir
604;N2;混;コン;ま.じる;mélanger, mêler, confusion
605;N2;清;セイ, ショウ;きよ.い, きよ.める;clair, limpide, purifier
606;N3;済;サイ, セイ;す.む, す.まない;finir, achever
607;N2;減;ゲン;へ.る;décliner, décroître
608;N3;渡;ト;わた.る;traverser, transiter, livrer, importer
609;N2;温;オン;"あたた.かい, あたた.め
る";chaud, réchauffer
610;N2;測;ソク;はか.る;mesurer, doser, plan
611;N3;港;コウ;みなと;port
612;N2;湖;コ;みずうみ;lac
613;N2;湯;トウ;ゆ;eau chaude
614;N2;湾;ワン;-;baie, golfe, crique
615;N2;湿;シツ, シュウ;しめ.る, うるお.う;humidité, moiteur, mouillé
616;N3;満;マン, バン;み.ちる;remplir, combler, satisfaire
617;N2;準;ジュン;"じゅん.じる, ひと.しい,
みずもり";demi-, quasi-, standard, se conformer à
618;N2;溶;ヨウ;と.ける;fondre, dissoudre
619;N2;滴;テキ;しずく, したた.る;goutte, s'écouler
620;N2;漁;ギョ, リョウ;あさ.る;pêcher
621;N3;演;エン;-;"représentation sur une scène, numéro
(spectacle)"
622;N4;漢;カン;-;Chine des Hans (ethnie majoritaire en Chine)
623;N2;濃;ノウ;こ.い;dense, concentré, épais
624;N2;濯;タク;すす.ぐ, ゆす.ぐ;laver, rincer, lessive
625;N5;火;カ;ひ;feu
626;N2;灯;トウ;ひ;lampe, lumière électrique
627;N2;灰;カイ;はい;cendre
628;N2;炭;タン;すみ;charbon de bois, charbon
629;N3;点;テン;つ.ける, た.てる;point, note, allumer
630;N2;無;ム, ブ;な.い;perdre, égarer, rien, négatif
631;N3;然;ゼン, ネン;しか, しか.り;état naturel, suffixe adverbial
632;N2;焼;ショウ;や.く, や.ける;griller, rôtir, brûler
633;N3;煙;エン;けむ.る, けむり;fumée
634;N2;照;ショウ;て.る;briller, illuminer, comparer
636;N3;熱;ネツ;あつ.い;chaleur, fièvre, température, passion
637;N2;燃;ネン;も.える;consumer, brûler, flamber
638;N2;燥;ソウ;はしゃ.ぐ;assécher, tarir, être joyeux, s'amuser
639;N2;爆;バク;は.ぜる;bombe, exploser, faire sauter
640;N5;父;フ;ちち;père, papa
641;N2;片;ヘン;かた;partie, fragment, un (d'une paire)
642;N2;版;ハン;-;impression, édition, plaque d'impression
643;N4;牛;ギュウ;うし;vache
644;N4;物;ブツ, モツ;もの;objet, chose concrète
645;N4;特;トク;-;spécial
646;N4;犬;ケン;いぬ;chien
647;N3;犯;ハン, ボン;おか.す;crime, délit, enfreindre la loi
648;N3;状;ジョウ;-;circonstance, état des choses
649;N2;独;ドク, トク;ひと.り;seul, célibataire, unique
650;N2;狭;キョウ, コウ;せま.い, せば.める,;étroit, exigu, se contracter
651;N3;猫;ビョウ;ねこ;chat
652;N2;率;ソツ, リツ;ひき.いる;taux, pourcentage, rapport
653;N2;玉;ギョク;たま;boule, sphère, bijou
654;N3;王;オウ;-;roi
655;N2;珍;チン;めずら.しい;étrange, bizarre, curieux
656;N3;現;ゲン;あらわ.れる, うつ.つ;existant, actuel, devenir visible, montrer
657;N3;球;キュウ;たま;sphère, boule, globe
658;N4;理;リ;ことわり;raison, principe, logique
659;N2;環;カン;わ;anneau, cercle, maillon
660;N2;瓶;ビン;かめ;pot de fleur, fiole, bouteille, flacon
661;N2;甘;カン;あま.い;doux, sucré, dorloter, choyer
662;N5;生;セイ, ショウ;"い.きる, う.まれる, な
ま";vivre, naître, cru, authentique
663;N4;産;サン;う.む, う.まれる;production, naissance, donner naissance
664;N4;用;ヨウ;もち.いる;emploi, usage, utiliser
665;N4;田;デン;た;rizière
666;N3;由;ユウ,ユ;よし;moyen, cause, raison
667;N3;申;シン;もう.す;s'appeler, dire (de manière polie)
668;N5;男;ダン, ナン;おとこ;homme, mâle
670;N4;町;チョウ;まち;village, quartier
671;N4;画;ガ, カク;"えが.く, かく.する, か
ぎ.る";"image, dessin, peinture, compteur de traits
de kanjis"
672;N4;界;カイ;-;monde, frontière
673;N2;畑;-;はた, はたけ;champ
674;N3;留;リュウ, ル;と.める, とど.める;attacher, retenir, rester
675;N2;畜;チク;-;bétail, animaux domestiques
676;N2;略;リャク;"ほぼ, おか.す, おさ.め
る";abbréviation, résumé, raccourci
677;N3;番;バン;つが.い;numéro, ordre
678;N2;異;イ;こと, こと.なる;inhabituel, surprenant, bizzarerie
679;N3;疑;ギ;うたが.う;méfiance, suspecter, douter
680;N3;疲;ヒ;つか.れる;être fatigué, épuisé
681;N4;病;ビョウ;や.む, やまい;maladie, malade
682;N3;痛;ツウ;いた.い, いた.む;douloureux, douleur, avoir mal
683;N2;療;リョウ;-;soin, traitement médical
684;N4;発;ハツ, ホツ;た.つ, あば.く;départ, émettre
685;N3;登;トウ, ト;のぼ.る;grimper, escalader, monter
686;N5;白;ハク;しろ.い;blanc
687;N5;百;ヒャク, ビャク;もも;cent
688;N2;的;テキ;まと;"objectif, cible, suffixe pour former des
adjectifs"
689;N3;皆;カイ;みな, みんな;tout, tous
690;N2;皮;ヒ;かわ;peau, écorce, cuir
691;N2;皿;ベイ;さら;assiette, plat
692;N3;盗;トウ;ぬす.む;voler, dérober
693;N5;目;モク, ボク;め;œil, numérateur ordinal
694;N3;直;チョク, ジキ;なお.す, なお.る, す.ぐ;honnête, être guéri/réparé, réparer/guérir
695;N3;相;ショウ;あい;mutuel, réciproque, ministre
696;N2;省;セイ, ショウ;かえり.みる;ministère, supprimer, évoquer le passé
697;N2;看;カン;み.る;regarder attentivement, veiller sur
698;N4;県;ケン;か.ける;département, préfecture
699;N4;真;シン;ま, まこと;vérité, exact, réalité
700;N3;眠;ミン;ねむ.る;dormir, sommeil
701;N4;着;チャク;き.る, つ.く;s'habiller, arriver
703;N4;知;チ;し.る, し.らせる;savoir, connaître
704;N4;短;タン;みじか.い;court, bref
705;N3;石;セキ, シャク, コク;いし;pierre, roc
706;N2;砂;サ;すな;sable
707;N4;研;ケン;と.ぐ;polir, aiguiser, étudier
708;N3;破;ハ;やぶ.る, やぶ.れる;être déchiré, déchiré, défaire
709;N2;硬;コウ;かた.い;raide, dur, rude
710;N3;確;カク, コウ;たし.か, たし.かめる;certitude, évident, s'assurer de, vérifier
711;N2;磨;マ;みが.く, す.る;"polir, astiquer, faire briller, brosser (les
dents)"
712;N3;示;ジ, シ;しめ.す;montrer, signaler, indiquer, révéler
713;N3;礼;レイ;-;politesse, remerciement
714;N5;社;シャ;やしろ;entreprise, société, temple shinto
715;N2;祈;キ;いの.る;prier, vœu, prière
716;N3;祖;ソ;-;ancêtre, aïeul, fondateur
717;N2;祝;シュク, シュウ;いわ.う;célébrer, fêter
718;N3;神;シン, ジン;かみ;divinité, dieu, esprit, kami
719;N2;祭;サイ;"まつ.る, まつ.り, まつ
り";célébrer, festival
720;N2;禁;キン;-;interdiction, interdire, défense de
721;N3;福;フク;-;chance, bonheur, félicité
722;N4;私;シ;わたくし, わたし;je, moi, privé
723;N4;秋;シュウ;あき, とき;automne
724;N3;科;カ;-;département, section, science
725;N2;秒;ビョウ;-;seconde
726;N2;移;イ;うつ.る;déplacer, transporter, transférer
727;N3;程;テイ;ほど;degré, ampleur, limite, quantité
728;N2;税;ゼイ;-;taxe, impôt
729;N3;種;シュ;たね;graine, semence, sorte
730;N3;積;セキ;つ.む, つ.もり;intention, accumuler, entasser
731;N4;究;キュウ;きわ.める;recherche, étudier
732;N5;空;クウ;そら, あ.く, す.く;ciel, creux, vide
733;N3;突;トツ;つ.く;poignarder, enfoncer, percer, irruption
734;N3;窓;ソウ, ス;まど;fenêtre
735;N5;立;リツ;た.つ;être debout, établir
737;N2;章;ショウ;-;chapître, insigne
738;N2;童;ドウ;わらべ;enfant
739;N2;競;キョウ, ケイ;きそ.う;compétition, rivaliser, concours
740;N2;竹;チク;たけ;bambou
741;N3;笑;ショウ;わら.う;rire, sourire
742;N2;符;フ;-;ticket, marque, amulette
743;N2;第;ダイ, テイ;-;préfixe ordinal, degré, numéro
744;N2;筆;ヒツ;ふで;pinceau
745;N3;等;トウ;ひと.しい, など;classe, degré, égal à, etc
746;N2;筒;トウ;つつ;cylindre, tube, tuyau, canon d'une arme
747;N4;答;トウ;こた.える, こた.え;solution, réponse, répondre
748;N2;算;サン;そろ;calcul
749;N2;管;カン;くだ;tuyau, tube, gestion
750;N3;箱;ソウ;はこ;boîte, coffre
751;N2;節;セツ, セチ;ふし;période, saison, occasion
752;N2;築;チク;きず.く;construire, bâtir, édifier
753;N2;簡;カン;-;simplicité, brièveté
754;N2;籍;セキ;-;"enrôler, adhésion, registre (d'état civil,
administratif)"
755;N3;米;ベイ, マイ;こめ;grain de riz, Amérique
756;N2;粉;フン;こ, こな;farine, poudre
757;N2;粒;リュウ;つぶ;"grain, particule, compteur pour les
particules"
758;N3;精;セイ, ショウ;-;vitalité, énergie
759;N2;糸;シ;いと;fil
760;N3;約;ヤク;つづ.まる, つづ.める;promesse, approximation, environ
761;N2;紅;コウ, ク;べに, くれない, あか.い;rouge foncé, cramoisi, rouge à lèvres
762;N2;純;ジュン;-;pureté, innocence, net (pour un bénéfice)
763;N4;紙;シ;かみ;papier
764;N2;級;キュウ;-;rang, niveau
765;N2;細;サイ;ほそ.い, こま.かい;fin, étroit, ténu
766;N2;紹;ショウ;-;"présentations, introduction (d'une
personne)"
767;N4;終;シュウ;お.わる,  お.える;finir, fin
768;N3;組;ソ;く.む, くみ;construire, association, groupe, classe
770;N3;経;ケイ, キョウ;へ.る, た.つ;expérience, longitude, sûtra
771;N2;結;ケツ;むす.ぶ,;lier, nouer, attacher, organiser
772;N2;絡;ラク;から.む;"entrelacer, s'enrouler autour, s'empêtrer
dans"
773;N3;給;キュウ;たま.う, たも.う;salaire, allocation, subvention
774;N3;絵;カイ, エ;-;image, peinture, esquisse
775;N3;絶;ゼツ;た.える;désespoir, cesser, interrompre
776;N3;続;ゾク, ショク;つづ.く, つづ.ける;continuer
777;N2;綿;メン;わた;coton
778;N2;総;ソウ;す.べて;global, tout, entier
779;N2;緑;リョク, ロク;みどり;vert
780;N3;緒;ショ, チョ;お, いとぐち;lanière, lacet, origine, début, bout
781;N2;線;セン;すじ;ligne, voie, fil
782;N2;編;ヘン;あ.む;tresse, natte, tricoter, compilation
783;N2;練;レン;ね.る;s'entraîner, s'exercer
784;N2;績;セキ;-;exploit, performance, coton non tissé
785;N2;缶;カン;かま;boîte de conserve, conteneur, récipient
786;N3;罪;ザイ;つみ;crime, péché, culpabilité
787;N3;置;チ;お.く;placer, poser, déposer
788;N2;署;ショ;-;"rôle, inscription, bureau (d'une
administration)"
789;N3;美;ビ, ミ;うつく.しい;beauté, belle
790;N2;群;グン;む.れる;groupe, foule, attroupement, s'attrouper
791;N2;羽;ウ;は, はね;"plume, compteur pour les oiseaux et les
lapins"
792;N2;翌;ヨク;-;suivant (dans le temps), celui d'après
793;N4;習;シュウ;なら.う;apprendre, coutume
794;N3;老;ロウ;お.いる, ふ.ける;vieillard, personne âgée
795;N4;考;コウ;かんが.える;réfléchir, considérer
796;N4;者;シャ;もの;personne (quelqu'un)
797;N2;耕;コウ;たがや.す;labourer, cultiver
798;N5;耳;ジ;みみ;oreille
799;N5;聞;ブン, モン;き.く, き.こえる;entendre, écouter, demander
800;N3;職;ショク, ソク;-;emploi, métier, travail
801;N4;肉;ニク;しし;viande, chair
803;N2;肌;キ;はだ;peau, texture
804;N2;肩;ケン;かた;épaule
805;N2;肯;コウ;がえんじ.る;accord, consentement
806;N3;育;イク;そだ.てる, そだ.つ;élever, grandir
807;N2;胃;イ;-;estomac
808;N3;背;ハイ;せ, せい, そむ.く;"dos, arrière, taille (stature), rébellion,
désobéir"
809;N2;胸;キョウ;むね;poitrine
810;N3;能;ノウ;よ.く;capacité, talent, habile, théâtre Nô
811;N2;脂;シ;あぶら;gras, graisse
812;N2;脳;ノウ;-;cerveau
813;N2;腕;ワン;うで;bras, aptitude, capacité
814;N2;腰;ヨウ;こし;hanche, taille (pour une personne)
815;N3;腹;フク;はら;ventre, abdomen
816;N2;膚;フ;はだ;peau, texture
817;N2;臓;ゾウ;はらわた;viscères, entraille
818;N2;臣;シン, ジン;-;serviteur, vassal, sujet
819;N4;自;ジ, シ;みずか.ら;soi-même
820;N3;舞;ブ;ま.う;danser, tournoyer, voltiger, cercle
821;N2;舟;シュウ;ふね;bateau, navire, vaisseau
822;N2;航;コウ;-;navigation
823;N2;般;ハン;-;transporteur, général, global
824;N3;船;セン;ふね;navire, bateau
825;N3;良;リョウ;よ.い, い.い;satisfaisant, bien, bon, plaisant
826;N4;色;ショク, シキ;いろ;couleur
827;N5;花;カ;はな;fleur
828;N2;芸;ゲイ;う.える, のり;art, interprétation, habileté
829;N3;若;ジャク, ニャク, ニャ;"わか.い, も.しくわ, も.
し";jeune, immature, si, ou bien
830;N3;苦;ク;くる.しい, くる.しむ;peine, affliction, souffrir
831;N4;英;エイ;はなぶさ;brillant, talentueux, Angleterre, anglais
832;N4;茶;チャ;-;thé
833;N3;草;ソウ;くさ;herbe, végétation, plante
834;N2;荒;コウ;"あら.い, すさ.む, あ.れ
る";brutal, violent, endommager, dévaster
836;N2;荷;カ;に;chargement, fardeau, bagage
837;N2;菓;カ;-;gâteau, friandise
838;N4;菜;サイ;な;légume
839;N3;落;ラク;お.ちる, お.とす;"tomber, chuter, faire tomber, perdre (un
objet)"
840;N3;葉;ヨウ;は;feuille (végétal)
841;N2;著;チョ, チャク;"あらわ.す, いちじる.し
い";"exposer, publier, ouvrage littéraire,
remarquable"
842;N2;蒸;ジョウ, セイ;む.す;vapeur, dégager de la vapeur, étuver
843;N2;蔵;ゾウ, ソウ;"くら, おさ.める, かく.
れる";entrepôt, posséder, avoir, cacher
844;N2;薄;ハク;うす.い;fin, dilué, léger (au goût)
845;N4;薬;ヤク;くすり;médicament
846;N2;虫;チュウ, キ;むし;insecte
847;N2;血;ケツ;ち;sang
848;N5;行;コウ, ギョウ;い.く, ゆ.く, おこ.なう;aller, voyage
849;N3;術;ジュツ;すべ;technique, moyens, art
850;N2;衣;イ, エ;ころも, きぬ;vêtement, habillement
851;N3;表;ヒョウ;あらわ.す;surface apparente, paraître, montrer
852;N2;袋;タイ;ふくろ;sac, sacoche, mère
853;N2;被;ヒ;"こうむ.る, おお.う, か
ぶ.る";"subir, recevoir, recouvrir, porter sur la tête,
souffrir, victime"
854;N2;装;ソウ, ショウ;よそお.う;se revêtir, orner, s'habiller
855;N2;裏;リ;うら;opposé, revers, arrière
856;N2;補;ホ;おぎな.う;assister, compléter, assistant, complément
857;N2;製;セイ;-;fabriqué en, fabrication
858;N2;複;フク;-;multiple, répétitif, composé, compliqué
859;N5;西;セイ;にし;Ouest
860;N3;要;ヨウ;い.る;besoin, nécessité, avoir de de
861;N5;見;ケン;み.る, み.える, み.せる;regarder, voir
862;N3;規;キ;-;norme, standard, règle
863;N3;覚;カク;"おぼ.える, さ.ます, さ.
める, さと.る";se rappeler de, mémoriser, réveil
864;N4;親;シン;"おや, した.しい, した.
しむ";parents, familié, se familiariser avec
865;N3;観;カン;み.る;voir, vue, aspect, apparence
866;N2;角;カク;かど;angle, coin
868;N3;解;カイ, ゲ;と.く, , ほど.く;comprendre, résoudre, explication
869;N2;触;ショク;ふ.れる, さわ.る;toucher, contact, annoncer
870;N5;言;ゲン, ゴン;い.う;dire, parler
871;N4;計;ケイ;はか.る, はか.らう;mesurer, peser, penser à, traiter, gérer
872;N2;訓;クン;おし.える;"lecture japonaise (pour les kanjis), précepte,
explication"
873;N3;記;キ;しる.す;récit, narration, narrer, raconter
874;N3;訪;ホウ;たず.ねる;rendre visite
875;N2;設;セツ;もう.ける;établir, fonder, créer
876;N3;許;キョ;ゆる.す, もと;pardonner, permettre, autoriser
877;N2;評;ヒョウ;-;critiquer, commenter, évaluer
878;N2;詞;シ;-;mot, terme
879;N4;試;シ;こころ.みる, ため.す;essayer, tenter, essai, tentative
880;N2;詰;キツ, キチ;つ.める;fermé, compact, réprimande, blâme
881;N5;話;ワ;はな.す, はなし;parler, histoire
882;N2;誌;シ;-;revue, magazine, document
883;N3;認;ニン;みと.める;reconnaître, approuver, admettre
884;N5;語;ゴ;かた.る, かた.らう;langage, mot, raconter
885;N4;説;セツ, ゼイ;と.く;convaincre, persuader, opinion, rumeur
886;N5;読;ドク, トク;よ.む;lire
887;N2;課;カ;-;chapître, section, partie
888;N3;調;チョウ;しら.べる;"harmonie, rassembler des informations,
enquêter"
889;N3;談;ダン;-;propos, conversation, discuter
890;N3;論;ロン;-;argument, discours, thèse
891;N2;諸;ショ;もろ;divers, multiple, plusieurs
892;N2;講;コウ;-;cours, club, association
893;N3;識;シキ;しる.す;connaissance, discernement
894;N3;警;ケイ;いまし.める;faire des reproches, avertir, mettre en garde
895;N3;議;ギ;-;entretien, délibération, débat
896;N2;谷;コク;たに;vallée
897;N2;豊;ホウ, ブ;ゆた.か, とよ;fertile, abondance, riche
898;N2;象;ゾウ, ショウ;かたど.る;éléphant, image, forme, phénomène
899;N2;貝;バイ;かい;coquillage
900;N3;負;フ;ま.ける;défaite, perdre, devoir à quelqu'un
902;N3;財;ザイ, サイ;たから;argent, fortune
903;N3;貧;ヒン, ビン;まず.しい;pauvre, pauvreté
904;N2;貨;カ;たから;frêt, bien
905;N2;販;ハン;-;vente, commercialisation
906;N3;責;セキ;せ.める;blâmer, réprimander
907;N2;貯;チョ;た.める, たくわ.える;mettre de côté, stocker, économie, épargne
908;N5;買;バイ;か.う;acheter
909;N4;貸;タイ;か.す;prêter, louer
910;N3;費;ヒ;つい.やす, つい.える;dépenser, être dépensé, coût
911;N2;貿;ボウ;-;commerce, échange
912;N2;賃;チン;-;tarif, frais, charge (monétaire)
913;N3;資;シ;-;ressource, capital monétaire, fonds
914;N3;賛;サン;たす.ける, たた.える;louange, approbation, approuver
915;N2;賞;ショウ;ほ.める;récompense, faire l'éloge de
916;N2;賢;ケン;かしこ.い;sagesse, intelligence
917;N4;質;シツ;たち, ただ.す, もと;substance, matière, qualité
918;N2;贈;ゾウ;おく.る;offrir, donner, accorder, cadeau
919;N4;赤;セキ;あか.い;rouge
920;N4;走;ソウ;はし.る;courir
921;N4;起;キ;お.きる, お.こす;se lever, se réveiller, réveiller
922;N2;超;チョウ;こ.える;dépasser, excéder
923;N3;越;エツ, オツ;こ.す, こ.える;surpasser, dépasser, traverser
924;N5;足;ソク;あし, た.りる, た.す;jambe, être suffisant, ajouter
925;N2;跡;セキ;あと;empreinte, trace, marque
926;N3;路;ロ, ル;みち;route, chemin, voie
927;N2;踊;ヨウ;おど.る;danser, bondir, sautiller
928;N2;身;シン;み;individu, chair, corps
929;N5;車;シャ;くるま;véhicule, voiture
930;N2;軍;グン;-;armée, troupes
931;N2;軒;ケン;のき;"gouttière, auvent, compteur pour les
maisons"
932;N2;軟;ナン;やわ.らかい;mou, tendre, souple
933;N4;転;テン;ころ.ぶ, まろ.ぶ;tourner, rouler
934;N4;軽;ケイ;かる.い;léger, sans importance
936;N2;較;カク, コウ;くら.べる;comparer, comparaison, constraste
937;N2;輪;リン;わ;"roue, anneau, compteur des fleurs ou des
roues"
938;N2;輸;ユ, シュ;-;transporter, envoyer
939;N2;辛;シン;から.い, つら.い;épicé, piquant, relevé
940;N3;辞;ジ;や.める;mot, terme, expression, renoncer à, cesser
941;N2;農;ノウ;-;agriculture
942;N2;辺;ヘン;あた.り;alentours, les environs, le voisinage
943;N3;込;-;こ.む;plein de monde, être rempli, mélange
944;N3;迎;ゲイ;むか.える;accueillir, rencontrer
945;N4;近;キン, コン;ちか.い;proche, récent
946;N3;返;ヘン;かえ.す, かえ.る;rendre, retourner
947;N2;述;ジュツ;の.べる;expliquer, mentionner, déclarer
948;N3;迷;メイ;まよ.う;s'égarer, se perdre, perdu
949;N3;追;ツイ;お.う;pourchasser, suivre, poursuivre
950;N3;退;タイ;"しりぞ.く, の.ける, ど.
く";retraite, se retirer, exclure, rejeter
951;N4;送;ソウ;おく.る;envoyer, expédier, escorter
952;N3;逃;トウ;に.げる, のが.す;s'échapper, s'enfuir, s'évader
953;N2;逆;ギャク, ゲキ;"さか, さか.さ, さか.ら
う";contraire, inverse, opposé
954;N3;途;ト;みち;chemin, route, trajet
955;N4;通;ツウ, ツ;"とお.る, とお.り, かよ.
う";circulation, rue, trajet (travail)
956;N3;速;ソク;はや.い;rapide (en vitesse), vite
957;N2;造;ゾウ;つく.る;construire, édifice
958;N3;連;レン;つ.れる, つら.なる;emmener, accompagner, partie, bande
959;N5;週;シュウ;-;semaine
960;N4;進;シン;すす.む;avancer, progresser
961;N3;遅;チ;おく.れる, おそ.い;être en retard, lent, retard
962;N3;遊;ユウ;あそ.ぶ;jouer
963;N4;運;ウン;はこ.ぶ;transporter, destin, chance
964;N3;過;カ;す.ぎる, あやま.つ;dépasser, excéder
965;N5;道;ドウ;みち;voie, route, chemin
966;N3;達;タツ, ダ;たち;atteindre, arriver, suffixe du pluriel
967;N3;違;イ;ちが.う, ちが.い, ちが.;différer, différence, être différent
969;える;;;;
970;N4;遠;エン, オン;とお.い;loin, distant
971;N3;適;テキ;かな.う;approprié, qualifié, convenable
972;N3;選;セン;えら.ぶ;choisir, sélectionner, élection
973;N2;郊;コウ;-;périphérie, banlieue
974;N3;部;ブ;べ;section, portion, partie, service
975;N2;郵;ユウ;-;poste, courrier
976;N4;都;ト, ツ;みやこ;capitale, métropôle
977;N3;配;ハイ;くば.る;livrer, distribuer
978;N3;酒;シュ;さけ;alcool, sake
979;N4;重;ジュウ, チョウ;おも.い;lourd
980;N4;野;ヤ;の;campagne, plaine, champ
981;N2;量;リョウ;はか.る;peser, mesurer, étudier (une situation)
982;N5;金;キン, コン;かね;or
983;N2;針;シン;はり;aiguille
984;N2;鈍;ドン;"にぶ.い, なま.る, なま
く.ら";émoussé, lent, bête
985;N2;鉄;テツ;くろがね;fer
986;N2;鉱;コウ;あらがね;minerai
987;N4;銀;ギン;しろがね;argent (minerai)
988;N2;銅;ドウ;あかがね;cuivre
989;N2;鋭;エイ;するど.い;pointu, tranchant, aiguisé
990;N2;錬;レン;ね.る;endurcir, améliorer, entrainer, perfectionner
991;N2;録;ロク;-;enregistrement, registre
992;N5;長;チョウ;なが.い;chef, long
993;N4;門;モン;かど, と;porte, entrée, portail
994;N3;閉;ヘイ;"と.じる, し.める, し.ま
る, た.てる";fermer, se fermer
995;N4;開;カイ;ひら.く, あ.く, あ.ける;ouvrir, s'ouvrir
996;N5;間;カン;あいだ, ま;intervalle
997;N3;関;カン;せき, かか.わる;barrière, péage, lien, relation
998;N2;防;ボウ;ふせ.ぐ;prévenir d'un danger, protéger
999;N3;降;コウ, ゴ;お.りる, ふ.る;descendre, tomber (pluie, neige)
1000;N3;限;ゲン;かぎ.る;limiter, restreindre
1002;N4;院;イン;-;vaste bâtiment public, résidence, hôpital
1003;N3;除;ジョ, ジ;のぞ.く;exclure, annuler, division (mathématique)
1004;N2;陸;リク;おか;continent, vaste étendue de terre
1005;N3;険;ケン;けわ.しい;escarpé, raide, abrupt, lieu inaccessible
1006;N3;陽;ヨウ;ひ;énergie positive, soleil
1007;N2;隅;グウ;すみ;coin, recoin
1008;N2;階;カイ;きざはし;étage, niveau, compteur d'étage
1009;N3;際;サイ;きわ;occasion, moment, bord, extrémité
1010;N2;隻;セキ;-;"compteur pour les bateaux, un élément
d'une paire, navire"
1011;N4;集;シュウ;あつ.まる, あつ.める;rassembler, réunir
1012;N2;雇;コ;やと.う;employer, embaucher
1013;N3;雑;ザツ, ゾウ;まじ.える, まじ.る;divers, varié
1014;N3;難;ナン;むずか.しい;difficile, problème, accident
1015;N5;雨;ウ;あめ;pluie
1016;N3;雪;セツ;ゆき;neige
1017;N2;雲;ウン;くも;nuage
1018;N2;零;レイ;ぜろ, こぼ.す;zéro, répandre, verser
1019;N5;電;デン;-;électricité
1020;N2;震;シン;ふる.う;secouer, frémir, tremblement
1021;N4;青;セイ, ショウ;あお.い;bleu, vert, inexpérience
1022;N3;静;セイ, ジョウ;"しず.か, しず.まる, し
ず.める";calme, paisible, se calmer, calmer
1023;N3;非;ヒ;あら.ず;faute, injustice, négatif, condamner
1024;N3;面;メン, ベン;おもて;surface, masque, face
1025;N2;革;カク;かわ;cuir, réforme, renouvellement
1026;N3;靴;カ;くつ;chaussure
1027;N4;音;オン, イン;おと;son, bruit
1028;N3;頂;チョウ;いただ.く;sommet, pic, recevoir
1029;N2;順;ジュン;-;ordre, séquence, obéir, docilité
1030;N2;預;ヨ;あず.ける;confier, se voir confier, dépôt, garde
1031;N2;領;リョウ;えり;contrôle, juridiction, domaine
1032;N4;頭;トウ, ズ;あたま;tête, compteur pour les gros animaux
1033;N3;頼;ライ;たの.む, たよ.る;demander, compter sur, confiance
1034;N4;題;ダイ;-;sujet, thème
1036;N2;額;ガク;ひたい;front, encadrement, montant, volume
1037;N4;顔;ガン;かお;visage, face
1038;N3;願;ガン;ねが.う, ねがい;souhaiter, souhait, vœu, espoir
1039;N3;類;ルイ;たぐ.い;variété, sorte, genre
1040;N4;風;フウ, フ;かぜ;vent, air, apparence, manière
1041;N3;飛;ヒ;と.ぶ;voler, s'envoler
1042;N5;食;ショク;た.べる;manger, nourriture
1043;N4;飯;ハン;めし;riz cuit, repas
1044;N5;飲;イン, オン;の.む;boire, boisson
1045;N4;館;カン;やかた, たて;grand bâtiment, résidence
1046;N4;首;シュ;くび;cou, compteur de chansons/poèmes
1047;N2;香;コウ, キョウ;かお.り, かお.る;parfum, senteur, parfumer
1048;N3;馬;バ;うま;cheval
1049;N5;駅;エキ;-;gare
1050;N2;駐;チュウ;-;stationnement, résident
1051;N4;験;ケン, ゲン;あかし, しるし, ため.す;examen, vérification
1052;N2;骨;コツ;ほね;os, armature
1053;N5;高;コウ;たか.い;haut, élevé, cher
1054;N3;髪;ハツ;かみ;cheveux
1055;N5;魚;ギョ;うお, さかな;poisson
1056;N4;鳥;チョウ;とり;oiseau
1057;N3;鳴;メイ;な.く;"pousser son cri pour un animal (aboyer,
miauler…)"
1058;N2;麦;バク;むぎ;céréale, blé, orge, avoine, seigle
1059;N2;黄;コウ, オウ;き;jaune
1060;N4;黒;コク;くろ.い;noir
1061;N2;鼻;ビ;はな;nez, museau, groin
1062;N2;齢;レイ;よわい, とし;âge
